r,2097152
q,2097152
p,2097152
o,2097152
n,2097152
m,2097152
l,2097152
k,2097152
j,2097152
i,2097152
h,2097152
g,2097152
f,2097152
e,2097152
d,2097152
c,2097152
b,2097152
a,2097152
`,2097152
_,2097152
^,2097152
M,2097152
L,2097152
K,2097152
J,2097152
I,2097152
H,2097152
G,2097152
F,2097152
E,2097152
D,2097152
C,2097152
B,2097152
A,2097152
N,2097152
O,2097152
P,2097152
Q,2097152
R,2097152
S,2097152
T,2097152
U,2097152
V,2097152
W,2097152
X,2097152
Y,2097152
Z,2097152
[,2097152
\,2097152
],2097152
